Character,Name,Allegiances,Death Year,Book of Death,Death Chapter,Book Intro Chapter,Gender,Nobility,GoT,CoK,SoS,FfC,DwD
155,Creighton Longbough,None,,,,4.0,1,0,0,0,0,1,0
362,Howd Wanderer,Wildling,,,,58.0,1,1,0,0,0,0,1
868,Watt,Night's Watch,299.0,3.0,75.0,69.0,1,0,0,0,1,0,0
101,Borcas,Night's Watch,,,,48.0,1,0,1,0,0,0,0
199,Donnis,House Stark,,,,7.0,1,0,1,0,0,0,0
416,Jory Cassel,Stark,298.0,1.0,35.0,1.0,1,1,1,0,0,0,0
359,Hoster Tully,House Tully,299.0,3.0,35.0,71.0,1,1,1,1,1,0,0
311,Guyard Morrigen,Baratheon,299.0,2.0,62.0,22.0,1,1,0,1,0,0,0
580,Mycah,Stark,298.0,1.0,16.0,15.0,1,0,1,0,0,0,0
707,Robin Ryger,Tully,,,,7.0,1,1,0,1,1,1,0
757,Shireen Baratheon,Baratheon,,,,0.0,0,1,0,1,1,0,1
804,Three Toes,None,,,,44.0,1,0,0,0,1,0,0
396,Jeyne Poole,Stark,,,,7.0,0,1,1,0,1,0,1
2,Aegon Targaryen,House Targaryen,,,,5.0,1,1,0,0,0,0,1
529,Matthar,Night's Watch,,,,41.0,1,0,1,0,0,0,0
518,Maron Volmark,Greyjoy,,,,18.0,1,1,0,0,0,1,0
351,Hod,None,,,,5.0,1,0,0,1,0,0,0
275,Gerald Gower,Baratheon,,,,54.0,1,1,0,0,1,0,0
158,Cutjack,None,,,,5.0,1,0,0,1,0,0,0
528,Matthos Seaworth,Baratheon,299.0,2.0,58.0,10.0,1,1,0,1,0,0,0
853,Vargo Hoat,None,300.0,3.0,20.0,30.0,1,0,0,1,1,0,0
575,Murch (Winterfell),House Stark,,,,50.0,1,0,0,1,0,0,0
342,Harwood Stout,Stark,,,,32.0,1,1,0,0,0,0,1
766,Spare Boot,Night's Watch,,,,55.0,1,0,0,0,1,0,0
854,Varys,Targaryen,,,,25.0,1,0,1,1,1,0,1
456,Leathers,Night's Watch,,,,35.0,1,0,0,0,0,0,1
533,Meera Reed,Stark,,,,21.0,0,1,0,1,1,0,1
615,Ossy,Arryn,,,,41.0,1,0,0,0,0,1,0
367,Humfrey Swyft,Lannister,,,,16.0,1,1,0,0,0,1,0
370,Iggo,None,299.0,3.0,3.0,3.0,1,0,0,0,1,0,0
486,Luke of Longtown,Night's Watch,,,,35.0,1,0,0,0,0,0,1
665,Quentyn Martell,Martell,300.0,5.0,70.0,6.0,1,1,0,0,0,0,1
669,Qyle,Night's Watch,299.0,2.0,2.0,2.0,1,0,0,1,0,0,0
212,Dykk Harlaw,Greyjoy,299.0,2.0,66.0,66.0,1,0,0,1,0,0,0
79,Belwas,House Targaryen,,,,63.0,1,0,0,1,1,0,1
148,Conwy,Night's Watch,,,,6.0,1,0,0,1,0,0,0
500,Maerie (Goodwife),None,299.0,3.0,34.0,34.0,0,0,0,0,1,0,0
710,Rodrik Ryswell,None,,,,32.0,1,1,0,0,0,0,1
631,Paxter Redwyne,Tyrell,,,,65.0,1,1,0,1,1,1,0
394,Jeor Mormont,Night's Watch,299.0,3.0,33.0,48.0,1,1,1,1,1,0,0
594,Nurse,None,300.0,5.0,57.0,57.0,1,0,0,0,0,0,1
133,Chella,Lannister,,,,56.0,0,0,1,1,1,0,0
812,Tobho Mott,None,,,,27.0,1,0,1,0,1,0,0
734,Rupert Brax,House Lannister,299.0,2.0,32.0,32.0,1,0,0,1,0,0,0
360,Hot Pie,None,,,,1.0,1,0,0,1,1,0,0
874,Weese,Lannister,299.0,2.0,38.0,26.0,1,0,0,1,0,0,0
712,Roger Ryswell,Stark,,,,20.0,1,1,0,0,0,0,1
477,Lorent Caswell,Baratheon,,,,22.0,1,1,0,1,0,0,0
409,Jon Snow,Night's Watch,,,,1.0,1,1,1,1,1,1,1
448,Lady of the Leaves,None,,,,22.0,0,0,0,0,1,0,0
837,Tytos Frey,None,299.0,3.0,,,1,1,0,0,1,0,0
306,Groleo,House Targaryen,300.0,5.0,59.0,,1,0,0,0,1,0,1
172,Danwell Frey,None,,,,59.0,1,1,1,1,1,1,0
873,Weeper,Wildling,,,,7.0,1,1,0,0,1,0,0
327,Halys Hornwood,Stark,298.0,1.0,62.0,53.0,1,1,1,0,0,0,0
487,Luton,None,300.0,5.0,51.0,37.0,1,0,0,0,0,0,1
824,Triston Sunderland,Lannister,,,,9.0,1,1,0,0,0,0,1
90,Beth Cassel,Stark,,,,7.0,0,1,1,1,0,0,0
858,Vylarr,House Lannister,,,,3.0,1,0,0,1,0,0,0
181,Dermot,Baratheon,,,,65.0,1,0,0,1,0,1,0
892,Wun Weg Wun Dar Wun,Wildling,,,,35.0,1,0,0,0,0,0,1
817,Tormund,Wildling,,,,7.0,1,1,0,0,1,0,1
69,Bass,Night's Watch,,,,52.0,1,0,1,0,0,0,0
291,Goghor,None,,,,52.0,1,0,0,0,0,0,1
131,Chataya,None,,,,15.0,0,0,0,1,0,0,0
903,Yellow Dick,None,300.0,5.0,46.0,12.0,1,0,0,0,0,0,1
494,Lyonel,None,,,,38.0,1,0,0,1,0,0,0
135,Chiggen,Lannister,298.0,1.0,42.0,31.0,1,0,1,0,0,0,0
164,Dagmer,House Greyjoy,,,,11.0,1,0,0,1,0,0,0
28,Alys Karstark,Stark,,,,44.0,0,1,0,0,0,0,1
514,Marissa Frey,None,,,,49.0,0,1,0,0,1,1,0
193,Donella Hornwood,Stark,299.0,2.0,35.0,16.0,0,1,0,1,0,0,0
321,Hake,Night's Watch,299.0,3.0,46.0,52.0,1,0,1,1,1,0,0
585,Myria Jordayne,Martell,,,,38.0,0,0,0,0,1,0,1
169,Damon Dance-for-Me,None,,,,12.0,1,0,0,0,0,0,1
602,Old Henly,Night's Watch,299.0,3.0,55.0,55.0,1,0,0,0,1,0,0
140,Cley Cerwyn,Stark,299.0,2.0,66.0,16.0,1,1,0,1,0,0,0
173,Dareon,Night's Watch,300.0,4.0,34.0,19.0,1,0,1,0,0,1,0
6,Aemon Targaryen (son of Maekar I),Night's Watch,300.0,4.0,35.0,21.0,1,1,1,0,1,1,0
589,Nan,House Stark,,,,1.0,0,0,1,1,0,0,0
388,Jaremy Rykker,Night's Watch,298.0,5.0,60.0,21.0,1,1,1,0,0,0,0
73,Becca the Baker,None,299.0,3.0,34.0,34.0,0,0,0,0,1,0,0
626,Pate (Lancewood),None,299.0,3.0,34.0,34.0,1,0,0,0,1,0,0
814,Todric,Greyjoy,299.0,2.0,37.0,37.0,1,0,0,1,0,0,0
878,Wex Pyke,Stark,,,,24.0,1,0,0,1,0,0,1
145,Colemon,House Arryn,,,,34.0,1,0,1,0,1,1,0
234,Emrick,Night's Watch,,,,75.0,1,0,0,0,1,0,1
220,Edric Dayne,None,,,,34.0,1,1,0,0,1,0,0
835,Tytos Blackwood,Tully,,,,56.0,1,1,1,0,1,0,1
405,Jommy,House Baratheon,,,,0.0,1,0,0,1,0,0,0
132,Chayle,Stark,299.0,2.0,50.0,9.0,1,0,1,1,0,0,0
539,Melisandre,Baratheon,,,,0.0,0,0,0,1,1,0,1
606,Ondrew Locke,Stark,,,,37.0,1,1,0,0,0,0,1
185,Deziel Dalt,Martell,,,,38.0,1,1,0,0,1,0,1
41,Archibald Yronwood,Martell,,,,6.0,1,1,0,0,0,0,1
559,Mord,House Arryn,,,,38.0,1,0,1,0,0,1,0
108,Brenett,None,,,,49.0,1,0,0,0,1,0,0
796,The Red Lamb,House Targaryen,,,,67.0,1,0,0,0,0,0,1
56,Arys Oakheart,Lannister,300.0,4.0,21.0,57.0,1,1,1,1,0,1,0
643,Porridge,Baratheon,,,,25.0,1,0,0,0,1,0,0
361,Hother Umber,Stark,,,,16.0,1,1,0,1,0,0,1
578,Muttering Bill,Night's Watch,300.0,5.0,4.0,,1,0,0,0,1,0,1
24,Alyn,House Stark,298.0,3.0,34.0,12.0,1,0,1,0,0,0,0
365,Hugo Vance,Tully,,,,30.0,1,1,0,0,0,1,0
447,Kyra,House Stark,300.0,5.0,12.0,37.0,0,0,1,1,0,0,1
453,Lark,Night's Watch,299.0,3.0,46.0,23.0,1,0,0,1,1,0,0
51,Arson,Wildling,,,,26.0,1,0,0,0,1,0,0
424,Joyeuse Erenford,None,,,,28.0,0,1,1,0,1,0,0
859,Vyman,Tully,,,,55.0,1,0,0,1,1,1,0
581,Myles,House Martell,,,,2.0,1,0,0,0,0,1,1
264,Gariss,House Stark,,,,50.0,1,0,0,1,0,0,0
711,Roger Hogg,Lannister,,,,27.0,1,1,0,0,0,1,0
625,Pate (novice),None,300.0,4.0,0.0,0.0,1,0,0,0,0,1,0
844,Umfred,None,,,,68.0,1,0,0,0,1,0,0
846,Urreg,Night's Watch,299.0,2.0,19.0,14.0,1,0,0,1,0,0,0
18,Alesander Staedmon,Baratheon,,,,65.0,1,1,0,1,0,0,0
656,Qarl the Maid,Greyjoy,,,,42.0,1,0,0,1,0,1,1
799,Theomore Lannister,None,,,,19.0,1,1,0,0,0,0,1
526,Mathos Mallarawan,None,,,,40.0,1,1,0,1,0,0,0
83,Benedar Belmore,Arryn,,,,23.0,1,1,0,0,0,1,0
61,Ballabar,Lannister,,,,4.0,1,0,0,1,0,0,0
272,Gelmarr,House Greyjoy,299.0,2.0,56.0,50.0,1,0,0,1,0,0,0
285,Gladden Wylde,Stark,298.0,1.0,55.0,43.0,1,1,1,0,0,0,0
829,Tycho Nestoris,None,,,,44.0,1,0,0,0,0,0,1
482,Lucas Blackwood,Tully,299.0,3.0,51.0,22.0,1,1,0,1,1,0,0
12,Alan of Rosby,Night's Watch,300.0,5.0,4.0,18.0,1,1,0,1,1,0,1
182,Desmond,House Stark,298.0,1.0,50.0,1.0,1,0,1,0,0,0,0
596,Nute,House Greyjoy,,,,18.0,1,0,0,0,0,1,0
849,Utt,None,299.0,3.0,39.0,30.0,1,0,0,1,1,0,0
223,Eggon,None,,,,30.0,1,0,0,1,0,0,0
536,Mela,House Arryn,,,,23.0,0,0,0,0,0,1,0
682,Raymar Royce,Arryn,,,,45.0,1,1,0,0,1,0,0
408,Jon Fossoway,Baratheon,,,,22.0,1,1,0,1,0,0,0
420,Joss,None,,,,43.0,1,0,1,0,0,0,0
534,Megga Tyrell,House Tyrell,,,,6.0,0,1,0,0,1,1,0
558,Moqorro,Greyjoy,,,,33.0,1,0,0,0,0,0,1
176,Davos Seaworth,Baratheon,,,,0.0,1,1,0,1,1,0,1
687,Red Rolfe,House Greyjoy,299.0,2.0,66.0,66.0,1,0,0,1,0,0,0
462,Leo Tyrell,Tyrell,,,,0.0,1,1,0,0,0,1,0
433,Kenned,House Greyjoy,299.0,2.0,66.0,66.0,1,0,0,1,0,0,0
163,Dagon Codd,Greyjoy,300.0,5.0,20.0,20.0,1,1,0,0,0,0,1
248,Falyse Stokeworth,Lannister,300.0,5.0,36.0,2.0,0,1,0,1,0,1,0
582,Myles Manwoody,Martell,,,,38.0,1,1,0,0,1,0,0
808,Timeon,None,300.0,4.0,20.0,21.0,1,0,0,0,1,1,0
74,Bedwyck,Night's Watch,,,,13.0,1,0,0,1,1,0,1
113,Bryan Fossoway,Baratheon,299.0,2.0,62.0,42.0,1,1,1,1,0,0,0
521,Marwyn,None,,,,0.0,1,0,0,0,0,1,0
512,Marillion,Arryn,300.0,4.0,23.0,28.0,1,0,1,0,1,1,0
104,Borroq,Wildling,,,,0.0,1,0,0,0,0,0,1
114,Bryce Caron,Baratheon,299.0,2.0,65.0,29.0,1,1,1,1,0,0,0
411,Joffrey Baratheon,House Lannister,300.0,3.0,60.0,5.0,1,1,1,1,1,0,0
92,Big Boil,Wildling,,,,41.0,1,0,0,0,1,0,0
516,Mark Mullendore,Tully,,,,22.0,1,1,0,1,0,0,0
89,Bessa (Winterfell),Stark,,,,37.0,0,0,1,0,0,0,0
336,Harras Harlaw,Greyjoy,,,,11.0,1,1,0,0,0,1,0
905,Ygritte,Wildling,299.0,3.0,55.0,51.0,0,0,0,1,1,0,0
841,Ulmer,Night's Watch,,,,33.0,1,0,0,0,1,0,1
852,Vardis Egen,Arryn,298.0,1.0,40.0,34.0,1,0,1,0,0,0,0
827,Tumco Lho,Targaryen,,,,67.0,1,0,0,0,0,0,1
545,Mero,None,299.0,3.0,57.0,42.0,1,0,0,0,1,0,0
879,Whalen Frey,None,,,,59.0,1,1,1,0,1,0,0
94,Biter,None,300.0,4.0,37.0,1.0,1,0,0,1,0,1,0
11,Aggo,House Targaryen,,,,54.0,1,0,1,1,1,0,1
449,Lambert Turnberry,Lannister,,,,7.0,1,1,0,0,0,1,0
43,Areo Hotah,House Martell,,,,2.0,1,0,0,0,0,1,1
42,Ardrian Celtigar,Baratheon,,,,10.0,1,1,0,1,1,0,0
329,Hareth (Mole's Town),Night's Watch,,,,64.0,1,0,0,0,1,0,1
167,Dalla,Wildling,300.0,3.0,76.0,73.0,0,1,0,0,1,0,0
800,Theon Greyjoy,House Greyjoy,,,,1.0,1,1,1,1,0,0,1
549,Mikken,House Stark,299.0,2.0,46.0,8.0,1,0,1,1,0,0,0
692,Rhaegar Frey,None,300.0,5.0,29.0,19.0,1,1,0,0,0,0,1
100,Bonifer Hasty,Lannister,,,,65.0,1,1,0,1,0,1,0
178,Delp,House Tully,299.0,3.0,20.0,39.0,1,0,0,1,1,0,0
595,Notch,None,,,,43.0,1,0,0,0,1,0,0
890,Woth,Night's Watch,299.0,2.0,14.0,14.0,1,0,0,1,0,0,0
605,Olyvar Frey,None,,,,59.0,1,1,1,0,0,0,0
177,Del,Wildling,299.0,3.0,41.0,41.0,1,0,0,0,1,0,0
638,Philip Foote,Lannister,,,,65.0,1,1,0,1,1,0,0
620,Owen Norrey,Tully,299.0,3.0,51.0,51.0,1,1,0,0,1,0,0
728,Roslin Frey,None,,,,35.0,0,1,0,0,1,0,0
715,Rolfe,Greyjoy,,,,24.0,1,0,0,1,0,0,0
383,Jalabhar Xho,None,,,,29.0,1,1,1,1,1,1,0
257,Frenya,Wildling,300.0,5.0,69.0,37.0,0,0,0,0,0,0,1
457,Left Hand Lew,Night's Watch,,,,48.0,1,0,0,0,1,0,1
335,Harrag Sharp,Greyjoy,299.0,5.0,19.0,66.0,1,1,0,1,0,1,0
693,Rhogoro,None,,,,3.0,1,1,1,0,0,0,0
15,Albett,Night's Watch,,,,26.0,1,0,1,0,0,0,0
3,Adrack Humble,House Greyjoy,300.0,5.0,20.0,20.0,1,1,0,0,0,0,1
428,Karyl Vance,Tully,,,,43.0,1,1,1,0,1,1,0
256,Frenken,Lannister,,,,15.0,1,0,0,1,1,0,0
703,Robert Arryn,House Arryn,,,,40.0,1,1,1,0,1,1,0
495,Lysa Tully,House Arryn,300.0,3.0,,34.0,0,1,1,0,1,0,0
440,Kojja Mo,None,,,,35.0,0,0,0,0,0,1,0
393,Jate Blackberry,House Baratheon,,3.0,10.0,10.0,1,0,0,0,1,0,0
222,Edwyn Frey,None,,,,38.0,1,1,0,0,1,1,0
179,Denys Drumm,Greyjoy,,,,19.0,1,1,0,0,0,1,0
485,Luco Prestayn,None,,,,22.0,1,0,0,0,0,1,0
617,Othell Yarwyck,Night's Watch,,,,48.0,1,0,1,0,1,0,1
324,Hali,Wildling,298.0,1.0,37.0,37.0,0,0,1,0,0,0,0
542,Meredyth Crane,Tyrell,,,,61.0,0,1,0,0,1,1,0
9,Aethan,Night's Watch,,,,0.0,1,0,0,0,1,0,0
249,Farlen,House Stark,299.0,2.0,56.0,46.0,1,0,0,1,0,0,0
22,Allard Seaworth,Baratheon,299.0,2.0,10.0,10.0,1,1,0,1,0,0,0
356,Horas Redwyne,Tyrell,,,,27.0,1,1,1,1,0,1,0
221,Edric Storm,House Baratheon,,,,10.0,1,0,0,0,1,0,0
613,Osmund Kettleblack,Lannister,,,,41.0,1,1,0,1,1,1,0
787,Symond Templeton,Arryn,,,,10.0,1,1,0,0,0,1,0
900,Xaro Xhoan Daxos,None,,,,12.0,1,1,0,1,0,0,1
743,Sansa Stark,Stark,,,,7.0,0,1,1,1,1,1,0
340,Harry Strickland,None,,,,24.0,1,0,0,0,0,0,1
431,Kennos of Kayce,Lannister,,,,6.0,1,1,0,0,1,1,1
807,Tim Tangletongue,Night's Watch,,,,69.0,1,0,0,0,1,0,0
530,Mawney,Night's Watch,300.0,5.0,4.0,18.0,1,0,0,0,1,0,1
203,Doreah,House Targaryen,299.0,2.0,12.0,11.0,0,0,1,1,0,0,0
237,Endrew Tarth,Night's Watch,299.0,3.0,69.0,60.0,1,0,1,0,1,0,0
93,Big Walder Frey,None,,,,,1,1,1,1,0,0,1
506,Mallor,House Lannister,,,,63.0,1,0,1,0,0,0,0
756,Sharna,None,,,,11.0,0,0,0,0,1,0,0
633,Penny,None,,,,60.0,0,0,0,0,1,0,1
284,Gilwood Hunter,Arryn,,,,80.0,1,1,0,0,1,0,0
184,Devan Seaworth,Baratheon,,,,10.0,1,1,0,1,1,0,1
737,Ryon Allyrion,Martell,,,,38.0,1,1,0,0,1,0,1
434,Kerwin,House Tyrell,300.0,5.0,56.0,29.0,1,0,0,0,0,1,1
501,Maerie (Whore),None,299.0,3.0,34.0,34.0,0,0,0,0,1,0,0
153,Craster,None,299.0,3.0,33.0,23.0,1,0,0,1,1,0,0
75,Belaquo,None,,,,52.0,1,0,0,0,0,0,1
450,Lamprey,Baratheon,,,,25.0,1,0,0,0,1,0,0
673,Rakharo,House Targaryen,,,,54.0,1,0,1,1,1,0,1
587,Nage,None,,,,44.0,1,0,0,0,1,0,0
277,Gerren,None,299.0,2.0,19.0,14.0,1,0,0,1,0,0,0
68,Barth (brewer),House Stark,,,,50.0,1,0,0,1,0,0,0
446,Kyle (Banners),None,299.0,3.0,39.0,39.0,1,0,0,0,1,0,0
576,Mossador,House Targaryen,300.0,5.0,11.0,11.0,1,0,0,0,1,0,1
188,Dick Follard,Night's Watch,299.0,3.0,55.0,41.0,1,0,0,0,1,0,0
271,Gawen Westerling,Stark,,,,33.0,1,1,0,0,0,1,0
678,Randa,None,299.0,3.0,34.0,34.0,0,0,0,0,1,0,0
567,Morros Slynt,Lannister,,,,2.0,1,1,0,1,1,0,0
236,Elwood,House Tully,299.0,3.0,20.0,20.0,1,0,0,0,1,0,0
88,Beric Dondarrion,None,300.0,4.0,27.0,42.0,1,1,1,0,1,0,0
777,Stonesnake,Night's Watch,,,,43.0,1,0,0,1,0,0,0
117,Brynden Rivers,House Targaryen,,,,34.0,1,1,0,0,0,0,1
125,Caleotte,House Martell,,,,2.0,1,0,0,0,0,1,1
750,Senelle,House Lannister,300.0,4.0,24.0,3.0,0,0,0,0,0,1,0
289,Godry Farring,Baratheon,,,,3.0,1,1,0,0,0,0,1
238,Enger,House Tully,,,,39.0,1,0,0,1,0,0,0
0,Addam Marbrand,Lannister,,,,56.0,1,1,1,1,1,1,0
907,Yohn Royce,Arryn,,,,29.0,1,1,1,0,0,1,0
736,Rymolf Stormdrunk,House Greyjoy,,,,24.0,1,0,0,1,0,0,0
797,Theo Frey,None,,,,29.0,1,1,1,0,0,0,0
395,Jeren,Night's Watch,,,,19.0,1,0,1,0,0,0,0
543,Meribald,None,,,,25.0,1,0,0,0,0,1,0
126,Catelyn Tully,House Stark,299.0,3.0,51.0,2.0,0,1,1,1,1,0,0
278,Gerris Drinkwater,Martell,,,,6.0,1,1,0,0,0,0,1
708,Rodrik Cassel,Stark,299.0,2.0,66.0,7.0,1,1,1,1,0,0,0
116,Bryen Farring,Baratheon,300.0,5.0,62.0,10.0,1,1,0,1,0,0,1
473,Lommy,Night's Watch,299.0,2.0,19.0,1.0,1,0,0,1,0,0,0
228,Ellaria Sand,Martell,,,,38.0,0,1,0,0,1,0,1
635,Perwyn Frey,None,,,,29.0,1,1,1,1,0,0,0
670,Rafford,None,,,,19.0,1,0,0,1,0,1,0
57,Asha Greyjoy,House Greyjoy,,,,11.0,0,1,0,1,0,1,1
527,Matrice,Baratheon,,,,0.0,0,0,0,1,0,0,0
274,Genna Lannister,Lannister,,,,33.0,0,1,0,0,0,1,0
318,Gysella Goodbrother,Greyjoy,,,,1.0,0,1,0,0,0,1,0
618,Ottyn Wythers,Night's Watch,299.0,3.0,48.0,13.0,1,0,0,1,1,0,0
144,Coldhands,None,,,,46.0,1,0,0,0,1,0,1
649,Preston Greenfield,Baratheon,299.0,2.0,41.0,43.0,1,0,1,1,0,0,0
570,Morton Waynwood,Arryn,,,,40.0,1,1,1,0,0,0,0
833,Tyrion Lannister,Lannister,,,,4.0,1,1,1,1,1,0,1
657,Qezza,None,,,,2.0,0,0,0,0,0,0,1
369,Hyle Hunt,None,300.0,4.0,42.0,14.0,1,1,0,0,0,1,0
268,Garth Greyfeather,Night's Watch,300.0,5.0,31.0,48.0,1,0,0,0,1,0,1
636,Petyr Baelish,None,,,,18.0,1,0,1,1,1,1,0
307,Grubbs,Night's Watch,300.0,5.0,4.0,0.0,1,0,0,0,1,0,1
423,Jothos Slynt,Lannister,,,,66.0,1,1,0,0,1,0,0
310,Guncer Sunglass,Baratheon,299.0,3.0,10.0,0.0,1,1,0,1,1,0,0
354,Holly,Wildling,300.0,5.0,69.0,37.0,0,0,0,0,0,0,1
46,Arnolf Karstark,Stark,,,,3.0,1,1,0,0,0,0,1
349,Hobb,Night's Watch,,,,52.0,1,0,1,0,1,0,1
371,Illyrio Mopatis,House Targaryen,,,,3.0,1,1,1,0,0,0,1
479,Lothar Frey,None,,,,35.0,1,1,0,0,1,0,0
588,Myles,House Tully,299.0,2.0,39.0,39.0,1,0,0,1,0,0,0
261,Galbart Glover,Stark,,,,55.0,1,1,1,0,1,0,0
195,Donnel Haigh,None,,,,49.0,1,1,0,0,1,0,0
916,Talbert Serry,Tyrell,300.0,4.0,29.0,29.0,1,1,0,0,0,1,0
764,Softfoot,Night's Watch,299.0,3.0,18.0,0.0,1,0,0,0,1,0,0
789,Taena of Myr,Lannister,,,,6.0,0,1,0,0,1,1,0
263,Garin (Orphan),Martell,,,,21.0,1,0,0,0,0,1,0
443,Kromm,House Greyjoy,299.0,2.0,66.0,56.0,1,0,0,1,0,0,0
730,Rudge,Night's Watch,,,,60.0,1,0,1,0,0,0,0
304,Grigg,Wildling,,,,30.0,1,0,0,0,1,0,0
341,Harwin,Stark,,,,1.0,1,0,1,0,1,1,0
884,Willem Lannister,House Lannister,299.0,3.0,20.0,19.0,1,1,0,0,1,0,0
149,Corliss Penny,Baratheon,,,,26.0,1,0,0,0,0,0,1
124,Cadwyn,House Lannister,,,,47.0,1,0,0,1,0,0,0
721,Romny Weaver,Greyjoy,,,,18.0,1,1,0,0,0,1,0
50,Arryk (Guard),House Tyrell,,,,6.0,1,0,0,0,1,1,0
353,Holger,None,,,,49.0,1,0,0,1,0,0,0
847,Urswyck,None,,,,21.0,1,0,0,0,1,0,0
142,Clydas,Night's Watch,,,,41.0,1,0,1,0,1,1,1
470,Lharys,Stark,298.0,1.0,34.0,31.0,1,1,1,0,0,0,0
399,Jhezane,None,,,,2.0,0,1,0,0,0,0,1
754,Shagga,Lannister,,,,39.0,1,0,1,1,0,0,0
320,Hairy Hal,Night's Watch,300.0,5.0,31.0,55.0,1,0,0,0,1,1,1
19,Alester Florent,Baratheon,300.0,4.0,,36.0,1,1,0,1,1,0,0
753,Shae,Lannister,300.0,3.0,77.0,62.0,0,0,1,1,1,0,0
770,Squirrel,Wildling,300.0,5.0,69.0,37.0,0,0,0,0,0,0,1
741,Sandor Clegane,None,300.0,4.0,31.0,7.0,1,1,1,1,1,1,0
407,Jon Connington,Targaryen,,,,5.0,1,1,0,0,0,0,1
537,Meldred Merlyn,Greyjoy,,,,1.0,1,1,0,0,0,1,0
569,Mors Umber,Stark,,,,21.0,1,1,0,1,0,0,0
38,Antario Jast,Lannister,,,,32.0,1,1,0,1,0,0,0
175,Daven Lannister,House Lannister,,,,12.0,1,1,0,0,0,1,0
245,Esgred,Greyjoy,,,,24.0,1,0,0,1,0,0,0
760,Sigfry Stonetree,Greyjoy,,,,19.0,1,1,0,0,0,1,0
908,Yoren,Night's Watch,299.0,2.0,19.0,13.0,1,0,1,1,0,0,0
755,Shagwell,None,300.0,4.0,20.0,30.0,1,0,0,1,1,1,0
784,Symon Silver Tongue,Lannister,299.0,3.0,32.0,44.0,1,0,0,1,1,0,0
154,Cregan Karstark,Stark,,,,44.0,1,1,0,0,0,0,1
287,Goady,Night's Watch,,,,0.0,1,0,0,0,1,0,0
552,Missandei,House Targaryen,,,,23.0,0,0,0,0,1,0,1
17,Alerie Hightower,House Tyrell,,,,6.0,0,1,0,0,1,1,0
127,Cayn,House Stark,298.0,1.0,49.0,4.0,1,0,1,0,0,0,0
322,Halder,Night's Watch,,,,19.0,1,0,1,0,1,0,0
255,Fornio,Night's Watch,,,,33.0,1,0,0,0,1,0,0
604,Ollo Lophand,Night's Watch,300.0,5.0,4.0,0.0,1,0,0,0,1,0,1
882,Will (orphan),None,,,,37.0,1,0,0,0,0,1,0
190,Dirk,Night's Watch,300.0,5.0,4.0,0.0,1,0,0,0,1,0,1
115,Bryen,None,,,,68.0,1,0,0,0,1,0,0
680,Rast,Night's Watch,299.0,3.0,26.0,55.0,1,0,1,0,1,0,0
180,Denys Mallister,Night's Watch,,,,48.0,1,1,0,0,1,0,0
301,Grenn,Night's Watch,,,,19.0,1,0,1,1,1,1,1
695,Richard Horpe,Baratheon,,,,17.0,1,1,0,0,0,0,1
653,Pylos,Baratheon,,,,0.0,1,0,0,1,1,0,0
664,Quenten Banefort,Lannister,,,,16.0,1,1,0,0,0,1,0
628,Pate (Old),None,,,34.0,13.0,1,0,0,0,1,0,0
659,Qotho,None,298.0,1.0,61.0,11.0,1,0,1,0,0,0,0
517,Marlon Manderly,Stark,,,,19.0,1,1,0,0,0,0,1
901,Xhondo,None,,,,26.0,1,0,0,0,0,1,0
45,Arneld,Lannister,,,,59.0,1,0,0,1,0,0,0
830,Tyene Sand,House Martell,,,,38.0,0,1,0,0,0,1,1
157,Cuger,Night's Watch,,,,,1,0,1,0,0,0,0
735,Ryman Frey,None,300.0,4.0,44.0,14.0,1,1,0,0,1,1,0
171,Dancy,None,,,,29.0,0,0,0,1,0,0,0
16,Alebelly,House Stark,299.0,2.0,46.0,4.0,1,0,0,1,0,0,0
511,Margaery Tyrell,House Tyrell,,,,22.0,0,1,0,1,1,1,0
48,Arron,Night's Watch,,,,75.0,1,0,0,0,1,0,1
888,Willow Witch-eye,Wildling,300.0,5.0,69.0,37.0,0,0,0,0,0,0,1
894,Wyl the Whittler,None,299.0,3.0,34.0,34.0,1,0,0,0,1,0,0
515,Mariya Darry,None,,,,30.0,0,1,0,0,0,1,0
629,Patrek of King's Mountain,Baratheon,300.0,5.0,69.0,44.0,1,1,0,0,0,0,1
480,Lothor Brune,None,,,,29.0,1,1,1,1,1,1,0
283,Gilly,Wildling,,,,23.0,0,0,0,1,1,1,1
601,Ogo,None,298.0,1.0,61.0,46.0,1,1,1,0,0,0,0
225,Eldred Codd,Greyjoy,,,,18.0,1,1,0,0,0,1,0
26,Alyn Estermont,Baratheon,,,,,1,1,0,1,1,0,0
717,Rolfe the Dwarf,House Greyjoy,300.0,5.0,26.0,26.0,1,0,0,0,0,0,1
437,Khorane Sathmantes,None,,,,10.0,1,0,0,0,1,0,0
869,Watty,None,,,,39.0,1,0,0,0,1,0,0
364,Hugh,House Arryn,298.0,1.0,29.0,25.0,1,0,1,0,0,0,0
229,Elmar Frey,None,,,,59.0,1,1,1,1,1,0,0
37,Anguy,None,,,,30.0,1,0,1,0,1,0,0
883,Willam Wells,Martell,300.0,5.0,6.0,6.0,1,0,0,0,0,0,1
374,Iron Emmett,Night's Watch,,,,79.0,1,0,0,0,1,0,1
469,Lewys Piper,Lannister,,,,27.0,1,1,0,0,0,1,0
885,William Mooton,Tully,,,,14.0,1,1,0,0,0,1,0
778,Stygg,House Greyjoy,,,,37.0,1,0,0,1,0,0,0
666,Quhuru Mo,None,,,,27.0,1,0,0,1,0,1,0
194,Donnel Drumm,Greyjoy,,,,19.0,1,1,0,0,0,1,0
780,Sybassion,None,,,,63.0,1,0,0,1,0,0,0
790,Tal Toraq,Targaryen,,,,70.0,1,0,0,0,0,0,1
503,Mago,None,,,,61.0,1,0,1,0,0,0,0
887,Willit,Lannister,,,,65.0,1,0,0,1,0,0,0
761,Skahaz mo Kandaq,None,,,,2.0,1,1,0,0,0,0,1
579,Mya Stone,Arryn,,,,34.0,0,0,1,0,0,1,0
886,Willis Wode,Arryn,,,,31.0,1,1,1,0,0,0,0
162,Daenerys Targaryen,House Targaryen,,,,3.0,0,1,1,1,1,0,1
644,Porther,House Stark,299.0,2.0,21.0,22.0,1,0,1,1,0,0,0
152,Cragorn,House Greyjoy,300.0,4.0,29.0,19.0,1,0,0,0,0,1,0
870,Waymar Royce,Night's Watch,297.0,1.0,0.0,0.0,1,1,1,0,0,0,0
765,Sour Alyn,None,,,,12.0,1,0,0,0,0,0,1
697,Rickard Ryswell,Stark,,,,20.0,1,1,0,0,0,0,1
111,Brown Bernarr,Night's Watch,299.0,3.0,33.0,23.0,1,0,0,1,1,0,0
226,Eleyna Westerling,Stark,,,,45.0,0,1,0,0,1,1,0
630,Patrek Mallister,Tully,,,,28.0,1,1,1,0,1,0,0
103,Boros Blount,Baratheon,,,,8.0,1,1,1,1,1,1,1
421,Joss Stilwood,Lannister,,,,,1,0,1,0,0,0,0
419,Josmyn Peckledon,Lannister,,,,65.0,1,0,0,1,1,1,1
586,Myrtle,Wildling,300.0,5.0,69.0,37.0,0,0,0,0,0,0,1
119,Burton Crakehall,Lannister,299.0,2.0,7.0,55.0,1,1,1,1,0,0,0
53,Arwyn Frey,None,,,,49.0,0,1,0,0,1,0,0
151,Cotter Pyke,Night's Watch,,,,48.0,1,0,0,0,1,0,0
403,Jodge,House Lannister,,,,30.0,1,0,0,1,0,0,0
864,Wallen,Wildling,298.0,1.0,37.0,37.0,1,0,1,0,0,0,0
207,Drogo,Targaryen,298.0,1.0,64.0,3.0,1,1,1,0,0,0,0
785,Symon Stripeback,Targaryen,,,,70.0,1,0,0,0,0,0,1
739,Sallor,None,299.0,3.0,42.0,42.0,1,0,0,0,1,0,0
8,Aeron Greyjoy,House Greyjoy,,,,11.0,1,1,0,1,0,1,0
740,Samwell Tarly,Night's Watch,,,,70.0,1,1,1,1,1,1,1
36,Andrik,Greyjoy,,,,19.0,1,1,0,0,0,1,0
452,Lanna (Happy Port),None,,,,34.0,0,0,0,0,0,1,0
253,Fogo,None,298.0,1.0,61.0,46.0,1,1,1,0,0,0,0
303,Greydon Goodbrother,Greyjoy,,,,1.0,1,1,0,0,0,1,0
704,Robett Glover,Stark,,,,53.0,1,1,1,1,0,0,1
571,Mudge (miller),None,299.0,3.0,34.0,34.0,1,0,0,0,1,0,0
623,Parmen Crane,Baratheon,,,,22.0,1,1,0,1,0,0,0
651,Pycelle,House Lannister,300.0,5.0,,20.0,1,0,1,1,1,1,1
660,Quaithe,None,,,,12.0,0,1,0,1,1,0,1
262,Gared,Night's Watch,297.0,1.0,1.0,0.0,1,0,1,0,0,0,0
610,Orton Merryweather,Lannister,,,,11.0,1,1,0,0,1,1,0
297,Grazdan mo Ullhor,None,299.0,3.0,27.0,27.0,1,1,0,0,1,0,0
414,Jonos Bracken,Tully,,,,28.0,1,1,1,0,1,0,1
150,Cortnay Penrose,Baratheon,299.0,2.0,42.0,31.0,1,1,0,1,0,0,0
723,Ronnel Harclay,Night's Watch,,,,48.0,1,1,0,0,1,0,0
640,Podrick Payne,Lannister,,,,62.0,1,1,1,1,1,1,0
811,Tion Frey,Lannister,299.0,3.0,20.0,20.0,0,1,0,0,1,0,0
550,Miklaz,None,,,,2.0,1,1,0,0,0,0,1
862,Walder Frey,None,,,,28.0,1,1,1,0,1,0,0
488,Luwin,House Stark,299.0,2.0,69.0,14.0,1,0,1,1,0,0,0
147,Conn,Lannister,298.0,1.0,62.0,42.0,1,0,1,0,0,0,0
146,Colen of Greenpools,House Baratheon,,,,22.0,1,1,0,1,0,0,0
896,Wylla Manderly,Stark,,,,19.0,0,1,0,0,0,0,1
850,Val,Wildling,,,,7.0,0,0,0,0,1,0,1
677,Ramsay Snow,None,,,,16.0,1,1,0,1,0,0,1
348,High Sparrow,None,,,,4.0,1,0,0,0,0,1,1
463,Leobald Tallhart,Stark,299.0,2.0,66.0,16.0,1,1,0,1,0,0,0
325,Hallis Mollen,Stark,,,,14.0,1,1,1,1,0,0,0
186,Dhazzar,None,,,,2.0,1,1,0,0,0,0,1
123,Byron,Arryn,,,,41.0,1,0,0,0,0,1,0
779,Styr,Wildling,300.0,3.0,26.0,7.0,1,1,0,0,1,0,0
608,Orell,Wildling,299.0,2.0,51.0,51.0,1,0,0,1,0,0,0
143,Cohollo,None,298.0,1.0,64.0,11.0,1,0,1,0,0,0,0
876,Wendello Qar Deeth,None,,,,40.0,1,1,0,1,0,0,0
197,Donnel Locke,Stark,299.0,3.0,51.0,25.0,1,1,0,1,1,0,0
609,Orphan Oss,Night's Watch,300.0,5.0,4.0,,1,0,0,0,1,0,1
279,Gevin Harlaw,Greyjoy,299.0,2.0,66.0,37.0,1,1,0,1,0,0,0
293,Gorold Goodbrother,Greyjoy,,,,1.0,1,1,0,0,0,1,0
400,Jhiqui,House Targaryen,,,,11.0,0,0,1,1,1,0,1
122,Byan Votyris,None,,,,54.0,1,0,1,0,0,0,0
183,Desmond Grell,Tully,,,,7.0,1,1,0,1,1,1,0
202,Doran Martell,Martell,,,,2.0,1,1,0,0,0,1,1
438,Khrazz,None,300.0,5.0,67.0,11.0,1,0,0,0,0,0,1
246,Ezzara,Targaryen,,,,30.0,0,0,0,0,0,0,1
415,Jorah Mormont,Targaryen,,,,23.0,1,1,1,1,1,0,1
816,Tomard,House Stark,298.0,1.0,49.0,22.0,1,0,1,0,0,0,0
810,Timon,Baratheon,,,,65.0,1,0,0,1,0,0,0
129,Cersei Frey,None,,,,49.0,0,1,0,0,1,0,0
637,Petyr Frey,None,300.0,3.0,,49.0,1,1,0,0,1,0,0
402,Jocelyn Swyft,Lannister,,,,3.0,0,1,0,0,0,1,1
813,Todder,Night's Watch,,,,19.0,1,0,1,0,1,0,1
706,Robin Moreland,Lannister,,,,16.0,1,1,0,0,0,1,0
834,Tyta Frey,None,,,,49.0,0,1,0,0,1,0,0
219,Edmure Tully,House Tully,,,,28.0,1,1,1,1,1,1,0
641,Polliver,None,300.0,3.0,27.0,26.0,1,0,0,1,1,0,0
836,Tytos Brax,Lannister,,,,63.0,1,1,1,1,0,0,0
688,Reek,None,299.0,2.0,35.0,16.0,1,0,0,1,0,0,0
839,Ulf son of Umar,Lannister,298.0,1.0,62.0,56.0,1,0,1,0,0,0,0
624,Patchface,Baratheon,,,,0.0,1,0,0,1,1,0,1
767,Spotted Cat,None,,,,11.0,1,0,0,0,0,0,1
696,Rickard Karstark,Stark,299.0,3.0,20.0,53.0,1,1,1,1,1,0,0
386,Jaqen H'ghar,None,,,,5.0,1,0,0,1,0,1,0
889,Willum,Tully,,,,43.0,1,0,1,0,0,0,0
509,Maric Seaworth,House Baratheon,299.0,2.0,58.0,10.0,1,1,0,1,0,0,0
267,Garse Goodbrook,None,299.0,3.0,,,1,1,0,0,1,0,0
751,Serra Frey,None,,,,49.0,0,1,0,0,1,0,0
441,Koss,Night's Watch,299.0,2.0,14.0,5.0,1,0,0,1,0,0,0
496,Lysono Maar,None,,,,24.0,1,0,0,0,0,0,1
112,Brusco,None,,,,22.0,1,0,0,0,0,1,1
691,Reznak mo Reznak,None,,,,2.0,1,1,0,0,0,0,1
232,Emmon Frey,Lannister,,,,29.0,1,1,1,0,0,1,0
795,Terrance Lynderly,Arryn,,,,41.0,1,1,0,0,0,1,0
607,Oppo,None,300.0,4.0,17.0,60.0,1,0,0,0,1,1,0
671,Ragnor Pyke,House Greyjoy,,,,29.0,1,0,0,0,0,1,0
373,Imry Florent,Baratheon,299.0,3.0,4.0,58.0,1,1,0,1,1,0,0
898,Wynafryd Manderly,Stark,,,,19.0,1,1,0,0,0,0,1
832,Tyrek Lannister,House Lannister,299.0,2.0,41.0,30.0,1,1,1,1,0,0,0
233,Emmond,Greyjoy,,,,1.0,1,0,0,0,0,1,0
720,Rolph Spicer,Lannister,,,,14.0,1,1,0,0,1,0,0
676,Ralf the Limper,Greyjoy,,,,18.0,1,0,0,0,0,1,1
317,Gynir,House Greyjoy,299.0,2.0,56.0,50.0,1,0,0,1,0,0,0
648,Prendahl na Ghezn,None,299.0,3.0,42.0,42.0,1,0,0,0,1,0,0
410,Jon Umber (Greatjon),Stark,,,,51.0,1,1,1,1,1,0,0
820,Tothmure,Lannister,299.0,2.0,64.0,30.0,1,0,0,1,0,0,0
709,Rodrik Harlaw,Greyjoy,,,,11.0,1,1,0,0,0,1,0
358,Hosteen Frey,None,,,,59.0,1,1,1,1,1,0,1
258,Frynne,Martell,,,,40.0,0,0,0,0,0,1,0
627,Pate (Night's Watch),Night's Watch,,,,60.0,1,0,1,0,0,0,0
632,Pello,None,,,,17.0,1,0,0,0,1,0,0
282,Gillam,None,,,,31.0,1,0,0,0,0,1,0
376,Ithoke,None,,,,11.0,1,0,0,0,0,0,1
384,Janna Tyrell,Tyrell,,,,6.0,0,1,0,0,1,1,0
224,Elder Brother,None,,,,31.0,1,0,0,0,0,1,0
899,Wynton Stout,Night's Watch,,,,41.0,1,0,0,0,1,0,0
746,Satin,Night's Watch,,,,6.0,1,0,0,1,1,0,1
472,Lollys Stokeworth,Lannister,,,,2.0,0,1,0,1,1,0,0
347,Heward,House Stark,298.0,1.0,35.0,35.0,1,0,1,0,0,0,0
505,Malliard,Lannister,,,,20.0,1,0,0,1,0,0,0
639,Pia,None,,,,30.0,0,0,0,1,0,1,0
904,Ygon Farwynd,Greyjoy,,,,19.0,1,1,0,0,0,1,0
848,Utherydes Wayn,Tully,,,,71.0,1,0,1,1,1,0,0
826,Tumberjon,Night's Watch,,,,0.0,1,0,0,0,1,0,0
619,Owen,Night's Watch,,,,55.0,1,0,0,0,1,0,1
781,Sybell Spicer,Lannister,,,,14.0,0,1,0,0,1,1,0
645,Poul Pemford,House Tully,299.0,2.0,39.0,39.0,1,0,0,1,0,0,0
774,Stevron Frey,Stark,299.0,2.0,35.0,59.0,1,1,1,1,0,0,0
556,Monster,Wildling,,,,33.0,1,0,0,0,1,1,1
875,Wendel Manderly,Stark,299.0,3.0,51.0,55.0,1,1,1,1,1,0,0
577,Murenmure,Greyjoy,,,,1.0,1,0,0,0,0,1,0
85,Benfrey Frey,None,299.0,5.0,51.0,51.0,1,1,0,0,1,0,0
242,Eroeh,Targaryen,298.0,1.0,68.0,61.0,1,0,1,0,0,0,0
698,Rickon Stark,House Stark,,,,7.0,1,1,1,1,0,0,0
159,Daario Naharis,Targaryen,,,,42.0,1,0,0,0,1,0,1
524,Maslyn,Night's Watch,299.0,3.0,18.0,0.0,1,0,0,0,1,0,0
35,Andrey Dalt,Martell,,,,21.0,1,1,0,0,0,1,0
540,Mellei,House Martell,,,,40.0,0,0,0,0,0,1,0
170,Damon Vypren,None,,,,49.0,1,1,0,0,1,0,0
654,Pypar,Night's Watch,,,,19.0,1,0,1,0,1,1,1
783,Sylva Santagar,Martell,,,,21.0,0,1,0,0,0,1,0
842,Ulwyck Uller,Martell,,,,38.0,1,1,0,0,1,0,1
863,Walder Rivers,None,,,,35.0,1,1,0,0,1,1,0
733,Ryk,Wildling,,,,7.0,1,0,0,0,1,0,0
95,Black Bernarr,Night's Watch,,,,18.0,1,0,0,0,1,0,1
563,Morna White Mask,Wildling,,,,48.0,0,1,0,0,0,0,1
240,Erik Ironmaker,Greyjoy,,,,19.0,1,1,0,0,0,1,0
742,Sawane Botley,Greyjoy,299.0,4.0,18.0,1.0,1,1,0,0,0,1,0
574,Murch,Night's Watch,,,,9.0,1,0,0,1,0,0,0
690,Reysen,Night's Watch,,,,5.0,1,0,0,1,0,0,0
460,Lenwood Tawney,Greyjoy,,,,18.0,1,0,0,0,0,1,0
553,Mohor,None,298.0,1.0,31.0,31.0,1,1,1,0,0,0,0
801,Thistle,Wildling,300.0,5.0,0.0,0.0,0,0,0,0,0,0,1
206,Drennan,House Greyjoy,299.0,2.0,50.0,50.0,1,0,0,1,0,0,0
392,Jate,House Lannister,,4.0,44.0,44.0,1,0,0,0,0,1,0
397,Jeyne Westerling,Stark,,,,14.0,0,1,0,0,1,1,0
851,Varamyr,Wildling,300.0,5.0,0.0,15.0,1,0,0,0,1,0,1
217,Eddard Stark,House Stark,299.0,1.0,65.0,1.0,1,1,1,0,0,0,0
4,Aemon Costayne,Lannister,,,,,1,1,0,0,1,0,0
642,Pono,None,,,,68.0,1,1,1,0,0,0,0
819,Torrhen Karstark,Stark,298.0,1.0,63.0,53.0,1,1,1,0,0,0,0
612,Osha,House Stark,,,,37.0,0,0,1,1,0,0,0
738,Salladhor Saan,Baratheon,,,,0.0,1,1,0,1,1,0,0
546,Merrett Frey,None,300.0,3.0,,59.0,1,1,1,0,1,0,0
725,Roose Bolton,Stark,,,,33.0,1,1,1,1,1,0,1
683,Raymun Darry,Targaryen,298.0,1.0,55.0,16.0,1,1,1,0,0,0,0
98,Bloodbeard,None,,,,25.0,1,0,0,0,0,0,1
727,Rorge,None,300.0,4.0,37.0,1.0,1,0,0,1,1,1,0
573,Munciter,Lannister,,,,20.0,1,0,0,1,0,0,0
406,Jon Bettley,Lannister,,,,16.0,1,1,0,0,0,1,0
502,Mag Mar Tun Doh Weg,Wildling,300.0,3.0,64.0,15.0,1,1,0,0,1,0,0
47,Aron Santagar,Lannister,299.0,2.0,41.0,18.0,1,1,1,1,0,0,0
32,Amory Lorch,House Lannister,299.0,2.0,47.0,14.0,1,1,0,1,0,0,0
200,Dontos Hollard,None,300.0,3.0,61.0,57.0,1,1,1,1,1,0,0
134,Chett,Night's Watch,299.0,3.0,46.0,41.0,1,0,1,1,1,0,0
27,Alyn Stackspear,Lannister,,,,16.0,1,1,0,0,0,1,0
803,Thoros,None,,,,29.0,1,0,1,0,1,1,0
230,Elyas Willum,Baratheon,,,,22.0,1,1,0,1,0,0,0
489,Lyle Crakehall,Lannister,,,,12.0,1,1,0,0,0,1,0
772,Steelskin,None,,,,11.0,1,0,0,0,0,0,1
378,Jack Bulwer,Night's Watch,300.0,5.0,31.0,64.0,1,0,0,0,1,1,1
288,Godric Borrell,None,,,,9.0,1,1,0,0,0,0,1
418,Joseth,House Stark,,,,37.0,1,0,1,1,0,0,0
674,Ralf Kenning,Greyjoy,300.0,5.0,20.0,18.0,1,0,0,0,0,1,1
391,Jason Mallister,Stark,,,,28.0,1,1,1,0,1,0,0
592,Nolla,None,299.0,3.0,34.0,34.0,0,0,0,0,1,0,0
498,Mad Huntsman,None,,,,29.0,1,0,0,0,1,0,0
138,Clement Piper,Tully,,,,38.0,1,1,0,0,0,1,0
62,Balon Swann,Lannister,,,,29.0,1,1,1,1,1,1,1
471,Little Walder Frey,None,300.0,5.0,51.0,59.0,1,1,1,1,0,0,1
647,Praed,None,299.0,2.0,9.0,5.0,1,0,0,1,0,0,0
128,Cellador,Night's Watch,,,,48.0,1,0,1,0,1,0,1
893,Wyl (guard),House Stark,298.0,1.0,35.0,35.0,1,0,1,0,0,0,0
520,Martyn Rivers,None,,,,29.0,1,1,1,1,1,0,0
64,Barbrey Dustin,Stark,,,,26.0,0,1,0,0,0,0,1
14,Albar Royce,Arryn,,,,38.0,1,1,1,0,0,1,0
156,Cressen,Baratheon,299.0,1.0,0.0,0.0,1,0,0,1,0,0,0
40,Anya Waynwood,Arryn,,,,38.0,0,1,1,0,0,1,0
492,Lymond Lychester,Tully,,,,22.0,1,1,0,0,1,0,0
379,Jack-Be-Lucky,None,,,,17.0,1,0,0,0,1,1,0
187,Dick Crabb,None,300.0,4.0,20.0,9.0,1,0,0,0,0,1,0
763,Small Paul,Night's Watch,299.0,3.0,18.0,0.0,1,0,0,0,1,0,0
216,Eddard Karstark,Stark,298.0,1.0,63.0,53.0,1,1,1,0,0,0,0
791,Tallad,Lannister,,,,17.0,1,0,0,1,1,1,0
52,Arthor Karstark,Stark,,,,62.0,1,1,0,0,0,0,1
337,Harwood Fell,House Baratheon,300.0,5.0,42.0,17.0,1,1,0,0,0,0,1
748,Sedgekins,None,,,,50.0,1,0,0,0,1,0,0
719,Rolly Duckfield,Targaryen,,,,8.0,1,0,0,0,0,0,1
724,Ronnet Connington,Baratheon,,,,22.0,1,1,0,1,0,1,1
295,Grazdan,None,299.0,3.0,27.0,27.0,1,1,0,0,1,0,0
701,Robb Stark,House Stark,299.0,3.0,51.0,1.0,1,1,1,1,1,0,0
251,Flement Brax,Lannister,,,,56.0,1,1,1,0,1,1,0
726,Roose Ryswell,None,,,,32.0,1,1,0,0,0,0,1
461,Leo Lefford,Lannister,299.0,2.0,45.0,62.0,1,1,1,1,0,0,0
455,Larraq,Targaryen,,,,59.0,1,0,0,0,0,0,1
913,Yurkhaz zo Yunzak,None,300.0,5.0,59.0,47.0,1,0,0,0,0,0,1
815,Tom of Sevenstreams,None,,,,13.0,1,0,0,0,1,1,0
269,Garth of Greenaway,Night's Watch,300.0,5.0,4.0,33.0,1,0,0,0,1,0,1
201,Donyse,None,,,,72.0,0,0,0,0,1,0,0
161,Daemon Sand,Martell,,,,38.0,1,0,0,0,1,0,1
555,Monford Velaryon,Baratheon,299.0,3.0,25.0,0.0,1,1,0,1,0,0,0
729,Rowan,Wildling,300.0,5.0,69.0,37.0,1,0,0,0,0,0,1
401,Jhogo,House Targaryen,,,,23.0,1,0,1,1,1,0,1
702,Robert Baratheon,House Baratheon,298.0,1.0,47.0,4.0,1,1,1,0,0,0,0
476,Lord of Bones,Wildling,300.0,5.0,10.0,68.0,1,1,0,1,1,0,1
821,Tregar,House Lannister,298.0,1.0,39.0,35.0,1,0,1,0,0,0,0
771,Stalwart Shield,Targaryen,300.0,5.0,2.0,2.0,1,0,0,0,0,0,1
105,Bowen Marsh,Night's Watch,,,,21.0,1,0,1,0,1,0,1
565,Morra,House Martell,,,,40.0,0,0,0,0,0,1,0
389,Jarl,Wildling,299.0,3.0,26.0,7.0,1,0,0,0,1,0,0
1,Aegon Frey (Jinglebell),None,299.0,3.0,51.0,49.0,1,1,0,0,1,0,0
880,Wilbert,Stark,298.0,3.0,29.0,29.0,1,0,0,0,1,0,0
561,Moreo Tumitis,None,,,,18.0,1,0,1,0,0,0,0
80,Ben,None,,,,37.0,1,0,0,0,0,1,0
205,Draqaz,None,,,,2.0,1,1,0,0,0,0,1
34,Andrew Estermont,Baratheon,,,,36.0,1,1,0,0,1,0,0
775,Stiv,Wildling,298.0,1.0,37.0,37.0,1,0,1,0,0,0,0
508,Mandon Moore,Baratheon,299.0,2.0,61.0,51.0,1,1,1,1,0,0,0
427,Jynessa Blackmont,Martell,,,,38.0,0,1,0,0,1,0,0
454,Larra Blackmont,Martell,,,,38.0,0,1,0,0,1,0,0
366,Hullen,House Stark,298.0,1.0,50.0,1.0,1,0,1,0,0,0,0
91,Bhakaz zo Loraq,None,,,,2.0,1,1,0,0,0,0,1
339,Harrion Karstark,Stark,,,,53.0,1,1,1,1,0,0,0
564,Moro,None,,,,3.0,1,1,1,0,0,0,0
345,Helman Tallhart,Stark,299.0,3.0,37.0,55.0,1,1,1,0,1,0,0
776,Stone Thumbs,Wildling,299.0,3.0,55.0,41.0,1,0,0,0,1,0,0
241,Ermesande Hayford,None,,,,2.0,0,1,0,1,1,1,0
13,Alayaya,None,,,,15.0,0,0,0,1,0,0,0
315,Gyles Grafton,Arryn,,,,41.0,1,1,0,0,0,1,0
600,Oberyn Martell,House Martell,300.0,3.0,70.0,38.0,1,1,0,0,1,0,0
387,Jared Frey,None,300.0,5.0,37.0,59.0,1,1,1,1,0,0,1
273,Gendry,None,,,,27.0,1,0,1,1,1,1,0
166,Dale Seaworth,Baratheon,299.0,2.0,58.0,10.0,1,1,0,1,0,0,0
840,Ulf the Ill,House Greyjoy,299.0,2.0,66.0,66.0,1,0,0,1,0,0,0
909,Young Henly,Night's Watch,299.0,3.0,55.0,55.0,1,0,0,0,1,0,0
646,Poxy Tym,House Stark,299.0,2.0,69.0,16.0,1,0,0,1,0,0,0
818,Torrek,None,,,,42.0,1,0,1,0,0,0,0
484,Lucias Vypren,None,,,,49.0,1,1,0,0,1,0,0
897,Wyman Manderly,Stark,,,,16.0,1,1,0,1,0,0,1
504,Mallador Locke,Night's Watch,299.0,5.0,18.0,13.0,1,0,0,1,1,0,0
831,Tymor,House Greyjoy,299.0,2.0,66.0,37.0,1,0,0,1,0,0,0
243,Erreck,None,,,,12.0,1,0,0,0,1,0,0
566,Morrec,House Lannister,298.0,1.0,31.0,13.0,1,0,1,0,0,0,0
562,Morgarth,None,,,,41.0,1,0,0,0,0,1,0
686,Red Alyn,Night's Watch,300.0,3.0,69.0,55.0,1,0,0,0,1,0,0
189,Dickon Manwoody,Martell,,,,38.0,1,1,0,0,1,0,0
782,Sybelle Glover,Stark,,,,26.0,0,1,0,0,0,0,1
699,Rigney,None,,,,11.0,1,0,0,0,0,1,0
475,Lorcas,None,,,,45.0,1,0,0,0,0,1,0
681,Ravella Swann,Tully,,,,22.0,0,1,0,0,1,0,0
510,Marei,None,,,,29.0,0,0,0,1,0,0,0
58,Aurane Waters,Lannister,,,,65.0,1,0,0,1,0,1,0
474,Loras Tyrell,Tyrell,,,,18.0,1,1,1,1,1,1,0
560,Mordane,House Stark,298.0,1.0,67.0,7.0,0,0,1,0,0,0,0
856,Victarion Greyjoy,House Greyjoy,,,,24.0,1,1,0,1,0,1,1
747,Sawwood,Night's Watch,,,,0.0,1,0,0,0,1,0,0
252,Fletcher Will,None,299.0,3.0,34.0,34.0,1,0,0,0,1,0,0
21,Alla Tyrell,House Tyrell,,,,6.0,0,1,0,0,1,1,0
313,Gylbert Farwynd,Greyjoy,,,,19.0,1,1,0,0,0,1,0
459,Lennocks,None,,,34.0,34.0,1,0,0,0,1,0,0
160,Dacey Mormont,Stark,299.0,3.0,51.0,63.0,0,1,1,0,1,0,0
276,Gerold Dayne,Martell,,,,13.0,1,1,0,0,0,1,0
191,Dobber,None,299.0,2.0,14.0,5.0,1,0,0,1,0,0,0
385,Janos Slynt,None,300.0,5.0,7.0,27.0,1,1,1,1,1,0,1
805,Three-Tooth,Greyjoy,,,,11.0,0,0,0,0,0,1,0
413,Jonelle Cerwyn,Stark,,,,53.0,0,1,1,0,0,0,0
491,Lymond Goodbrook,Tully,,,,45.0,1,1,0,0,1,0,0
343,Harys Haigh,None,,,,64.0,1,1,0,1,1,0,0
769,Squint,House Greyjoy,299.0,2.0,50.0,50.0,1,0,0,1,0,0,0
308,Grunt,None,,,,12.0,1,0,0,0,0,0,1
661,Quaro,Targaryen,298.0,1.0,64.0,50.0,1,0,1,0,0,0,0
130,Cersei Lannister,House Lannister,,,,4.0,0,1,1,1,1,1,1
663,Quent,House Stark,,,,37.0,1,0,1,0,0,0,0
871,Wayn (guard),House Stark,,,,37.0,1,0,1,0,0,0,0
99,Blue Bard,House Tyrell,,,,12.0,1,0,0,0,0,1,0
372,Ilyn Payne,Lannister,,,,15.0,1,1,1,1,1,1,0
87,Bennet,None,300.0,4.0,31.0,31.0,1,0,0,0,0,1,0
458,Lem,None,,,,13.0,1,0,0,0,1,1,0
330,Harghaz,None,300.0,5.0,70.0,52.0,1,0,0,0,0,0,1
214,Easy,Night's Watch,300.0,3.0,55.0,55.0,1,0,0,0,1,0,0
466,Lew,House Stark,,,,7.0,1,0,1,0,0,0,0
121,Byam Flint,Night's Watch,299.0,3.0,33.0,33.0,1,0,0,0,1,0,0
614,Osney Kettleblack,Lannister,,,,41.0,1,1,0,1,1,1,0
20,Alia of Braavos,None,,,,28.0,0,0,1,0,0,0,0
700,Robar Royce,Baratheon,299.0,2.0,6.0,29.0,1,1,1,1,1,0,0
71,Bearded Ben,Night's Watch,,,,,1,0,0,0,0,1,0
106,Bran Stark,House Stark,,,,1.0,1,1,1,1,1,0,1
270,Garth of Oldtown,Night's Watch,299.0,3.0,33.0,33.0,1,0,0,0,1,0,0
860,Waif,None,,,,6.0,0,0,0,0,0,1,1
435,Kevan Lannister,House Lannister,300.0,5.0,,56.0,1,1,1,1,1,1,1
102,Boremund Harlaw,Greyjoy,,,,11.0,1,1,0,0,0,1,0
